report_id,report_text,site,ai_result,model_prediction,model_score,context,priority,activity,hazard,hazards,hazard_evidence,barrier,barriers,barrier_evidence,barrier_condition,life_saving_rules,evidence,potential_consequence,recommended_action,review_reason,review_status,reviewer_decision,reviewer_comment,reviewer_name,reviewed_at
R001,"During pump maintenance, electrical isolation was not completed before the technician entered the equipment area.",Duliajan Central Asset,SIF Potential,SIF Potential,0.59,Dangerous Condition,High,Pump Maintenance; Electrical Maintenance,Unexpected Energization,Unexpected Energization,"Unexpected Energization: electrical isolation, isolation was not completed, isolation",Energy Isolation,Energy Isolation,"Energy Isolation: electrical isolation, isolation was not completed, isolation",Incomplete / Failed,Energy Isolation,electrical isolation was not completed,Electrocution / High-Pressure Discharge / Severe Trauma,"Review isolation compliance, verify zero energy, and audit permit/LOTO controls.",,Pending Review,,,,
R002,A worker entered a confined space without confirming atmospheric testing and gas monitoring.,Digboi Refinery Area 3,SIF Potential,SIF Potential,0.61,Dangerous Condition,High,Confined Space Entry,Confined Space Exposure,Confined Space Exposure,"Confined Space Exposure: confined space, entered a confined space",Gas Testing / Atmospheric Monitoring,Gas Testing / Atmospheric Monitoring,"Gas Testing / Atmospheric Monitoring: gas monitoring, atmospheric testing",Incomplete / Failed,Confined Space,confined space without confirming atmospheric testing and gas monitoring,Asphyxiation / Toxic Gas Inhalation / Loss of Consciousness,Evacuate space immediately; conduct atmospheric gas testing and verify entry authorization permit.,,Pending Review,,,,
R003,A worker was standing below a suspended load during crane lifting operations.,Moran Gas Gathering Station,SIF Potential,SIF Potential,0.6,Dangerous Condition,High,Crane / Lifting Operation,Suspended Load / Struck-by,Suspended Load / Struck-by,"Suspended Load / Struck-by: suspended load, standing below a suspended load, below a suspended load, lifting operation, crane lifting",Lifting Exclusion Zone,Lifting Exclusion Zone,"Lifting Exclusion Zone: suspended load, below a suspended load, lifting operation, crane lifting",Incomplete / Failed,Line of Fire; Safe Mechanical Lifting,standing below a suspended load,Crush Injury / Fatality / Heavy Impact Trauma,Halt lifting immediately; re-establish physical exclusion zones and remove personnel from line-of-fire.,,Pending Review,,,,
R004,Hot work was started without confirming that the required permit and gas testing were completed.,Naharkatiya Production Unit,SIF Potential,SIF Potential,0.63,Dangerous Condition,High,Hot Work,Hot Work Exposure,Hot Work Exposure,Hot Work Exposure: Hot work,Gas Testing / Atmospheric Monitoring,Gas Testing / Atmospheric Monitoring; Work Permit,"Gas Testing / Atmospheric Monitoring: gas testing, gas test | Work Permit: permit",Incomplete / Failed,Confined Space; Hot Work; Work Authorization,Hot work was started without confirming that the required permit and gas test,Explosion / Flash Fire / Severe Burn Injury,Evacuate space immediately; conduct atmospheric gas testing and verify entry authorization permit.,,Pending Review,,,,
R005,A worker was working at height without proper fall protection.,Jorhat Pumping Station,SIF Potential,SIF Potential,0.62,Dangerous Condition,High,Working at Height,Fall from Height,Fall from Height,"Fall from Height: working at height, fall protection",Fall Protection,Fall Protection,Fall Protection: fall protection,Incomplete / Failed,Working at Height,without proper fall protection,Fatal Fall / Severe Skeletal Trauma,Suspend work at height until 100% fall protection and anchor points are inspected and verified.,,Pending Review,,,,
R006,A vehicle was reversing near workers without adequate separation or spotter control.,Dibrugarh Terminal,SIF Potential,SIF Potential,0.61,Dangerous Condition,High,Driving / Vehicle Movement,Vehicle / Pedestrian Interaction,Vehicle / Pedestrian Interaction,"Vehicle / Pedestrian Interaction: vehicle was reversing, reversing near workers, vehicle was reversing near workers",Vehicle Separation / Spotter,Vehicle Separation / Spotter,"Vehicle Separation / Spotter: spotter, separation",Incomplete / Failed,Driving,vehicle was reversing near workers without adequate separation or spotter,Pedestrian Run-Over / Severe Crush Injury,Enforce pedestrian-vehicle segregation distances and assign dedicated spotters during movement.,,Pending Review,,,,
R007,A worker entered the maintenance area after energy isolation had not been verified.,Duliajan Central Asset,SIF Potential,SIF Potential,0.6,Dangerous Condition,High,General Maintenance,Unexpected Energization,Unexpected Energization,"Unexpected Energization: energy isolation, isolation had not been verified, isolation",Energy Isolation,Energy Isolation,"Energy Isolation: energy isolation, isolation had not been verified, isolation",Incomplete / Failed,Energy Isolation,energy isolation had not been verified,Electrocution / High-Pressure Discharge / Severe Trauma,"Review isolation compliance, verify zero energy, and audit permit/LOTO controls.",,Pending Review,,,,
R008,"During maintenance, stored pressure was not fully released before work started.",Digboi Refinery Area 3,SIF Potential,SIF Potential,0.63,Dangerous Condition,High,General Maintenance,Unexpected Energization,Unexpected Energization,"Unexpected Energization: stored pressure, pressure was not fully released",Energy Isolation,Energy Isolation,"Energy Isolation: stored pressure, pressure was not fully released",Incomplete / Failed,Energy Isolation,stored pressure was not fully released,Electrocution / High-Pressure Discharge / Severe Trauma,"Review isolation compliance, verify zero energy, and audit permit/LOTO controls.",,Pending Review,,,,
R009,A worker crossed a line-of-fire area while heavy equipment was operating nearby.,Moran Gas Gathering Station,SIF Potential,SIF Potential,0.64,Dangerous Condition,High,Heavy Equipment Operation,Line-of-Fire Exposure,Line-of-Fire Exposure,"Line-of-Fire Exposure: line-of-fire, crossed a line-of-fire, heavy equipment was operating near, equipment was operating nearby",Line-of-Fire Separation,Line-of-Fire Separation,Line-of-Fire Separation: line-of-fire,Incomplete / Failed,Line of Fire,crossed a line-of-fire area,Line-of-Fire Impact / Pinch Point Severing,Halt lifting immediately; re-establish physical exclusion zones and remove personnel from line-of-fire.,,Pending Review,,,,
R010,Personnel remained underneath a suspended load during a lifting operation.,Naharkatiya Production Unit,SIF Potential,SIF Potential,0.5,Dangerous Condition,High,Crane / Lifting Operation,Suspended Load / Struck-by,Suspended Load / Struck-by,"Suspended Load / Struck-by: suspended load, underneath a suspended load, lifting operation",Lifting Exclusion Zone,Lifting Exclusion Zone,"Lifting Exclusion Zone: suspended load, underneath a suspended load, lifting operation",Incomplete / Failed,Line of Fire; Safe Mechanical Lifting,remained underneath a suspended load,Crush Injury / Fatality / Heavy Impact Trauma,Halt lifting immediately; re-establish physical exclusion zones and remove personnel from line-of-fire.,,Pending Review,,,,
R011,The work area had poor housekeeping and a small amount of packaging material was removed immediately.,Jorhat Pumping Station,Non-SIF Potential,Non-SIF Potential,0.39,Routine / Low-Potential Observation,Low,Unknown,Unknown,Unknown,,Unknown,Unknown,,Intact / Verified,None,poor housekeeping and a small amount of packaging material was removed immediately,Minor Impact / Routine Observation / Controlled State,Log observation in HSE tracking system; reinforce positive safety practices and routine housekeeping.,,Not Yet Reviewed,,,,
R012,A warning sign was slightly damaged and was replaced during routine inspection.,Dibrugarh Terminal,Non-SIF Potential,Non-SIF Potential,0.36,Routine / Low-Potential Observation,Low,Unknown,Unknown,Unknown,,Unknown,Unknown,,Intact / Verified,None,slightly damaged and was replaced,Minor Impact / Routine Observation / Controlled State,Log observation in HSE tracking system; reinforce positive safety practices and routine housekeeping.,,Not Yet Reviewed,,,,
R013,A worker noticed a minor spill and cleaned it immediately.,Duliajan Central Asset,Non-SIF Potential,Non-SIF Potential,0.38,Routine / Low-Potential Observation,Low,Unknown,Unknown,Unknown,,Unknown,Unknown,,Intact / Verified,None,minor spill and cleaned it immediately,Minor Impact / Routine Observation / Controlled State,Log observation in HSE tracking system; reinforce positive safety practices and routine housekeeping.,,Not Yet Reviewed,,,,
R014,Routine inspection was completed without identifying any significant safety exposure.,Digboi Refinery Area 3,Non-SIF Potential,Non-SIF Potential,0.39,Routine / Low-Potential Observation,Low,Unknown,Unknown,Unknown,,Unknown,Unknown,,Intact / Verified,None,Routine inspection was completed without identifying any significant safety exposure,Minor Impact / Routine Observation / Controlled State,Log observation in HSE tracking system; reinforce positive safety practices and routine housekeeping.,,Not Yet Reviewed,,,,
R015,The emergency exit sign was slightly faded and maintenance was requested.,Moran Gas Gathering Station,Non-SIF Potential,Non-SIF Potential,0.37,Routine / Low-Potential Observation,Low,Unknown,Unknown,Unknown,,Unknown,Unknown,,Intact / Verified,None,slightly faded and maintenance was requested,Minor Impact / Routine Observation / Controlled State,Log observation in HSE tracking system; reinforce positive safety practices and routine housekeeping.,,Not Yet Reviewed,,,,
R016,A worker reported minor housekeeping issues around the storage area.,Naharkatiya Production Unit,Non-SIF Potential,Non-SIF Potential,0.38,Routine / Low-Potential Observation,Low,Unknown,Unknown,Unknown,,Unknown,Unknown,,Intact / Verified,None,minor housekeeping,Minor Impact / Routine Observation / Controlled State,Log observation in HSE tracking system; reinforce positive safety practices and routine housekeeping.,,Not Yet Reviewed,,,,
R017,Electrical isolation was completed and verified before maintenance began.,Jorhat Pumping Station,Non-SIF Potential,Non-SIF Potential,0.47,Control Present,Low,Electrical Maintenance; General Maintenance,Unexpected Energization,Unexpected Energization,"Unexpected Energization: Electrical isolation, isolation",Energy Isolation,Energy Isolation,"Energy Isolation: Electrical isolation, isolation",Intact / Verified,None,isolation was completed and verified,Minor Impact / Routine Observation / Controlled State,Log observation in HSE tracking system; reinforce positive safety practices and routine housekeeping.,,Not Yet Reviewed,,,,
R018,The confined space was tested and confirmed safe before authorized entry.,Dibrugarh Terminal,Non-SIF Potential,Non-SIF Potential,0.4,Control Present,Low,Confined Space Entry,Confined Space Exposure,Confined Space Exposure,Confined Space Exposure: confined space,Gas Testing / Atmospheric Monitoring,Gas Testing / Atmospheric Monitoring,"Gas Testing / Atmospheric Monitoring: confined space was tested, confirmed safe before authorized entry",Intact / Verified,None,confined space was tested and confirmed safe,Minor Impact / Routine Observation / Controlled State,Log observation in HSE tracking system; reinforce positive safety practices and routine housekeeping.,,Not Yet Reviewed,,,,
R019,The lifting area was barricaded and no personnel were allowed below the suspended load.,Duliajan Central Asset,Non-SIF Potential,Non-SIF Potential,0.37,Control Present,Low,Crane / Lifting Operation,Suspended Load / Struck-by,Suspended Load / Struck-by,"Suspended Load / Struck-by: suspended load, below the suspended load",Lifting Exclusion Zone,Lifting Exclusion Zone,"Lifting Exclusion Zone: barricaded, no personnel, suspended load, below the suspended load",Intact / Verified,None,lifting area was barricaded,Minor Impact / Routine Observation / Controlled State,Log observation in HSE tracking system; reinforce positive safety practices and routine housekeeping.,,Not Yet Reviewed,,,,
R020,Hot work was performed after the permit was approved and gas testing was completed.,Digboi Refinery Area 3,Non-SIF Potential,Non-SIF Potential,0.42,Control Present,Low,Hot Work,Hot Work Exposure,Hot Work Exposure,Hot Work Exposure: Hot work,Gas Testing / Atmospheric Monitoring,Gas Testing / Atmospheric Monitoring; Work Permit,"Gas Testing / Atmospheric Monitoring: gas testing, gas test | Work Permit: permit",Intact / Verified,None,Hot work was performed after the permit was approved and gas testing was completed,Minor Impact / Routine Observation / Controlled State,Log observation in HSE tracking system; reinforce positive safety practices and routine housekeeping.,,Not Yet Reviewed,,,,
R021,Fall protection was inspected and properly secured before the worker started work at height.,Moran Gas Gathering Station,Non-SIF Potential,Non-SIF Potential,0.5,Control Present,Low,Working at Height,Fall from Height,Fall from Height,"Fall from Height: work at height, Fall protection",Fall Protection,Fall Protection,Fall Protection: Fall protection,Intact / Verified,None,Fall protection was inspected and properly secured,Minor Impact / Routine Observation / Controlled State,Log observation in HSE tracking system; reinforce positive safety practices and routine housekeeping.,,Not Yet Reviewed,,,,
R022,The vehicle operator stopped and waited until the pedestrian moved to a safe area.,Naharkatiya Production Unit,Non-SIF Potential,Non-SIF Potential,0.39,Control Present,Low,Driving / Vehicle Movement,Vehicle / Pedestrian Interaction,Vehicle / Pedestrian Interaction,"Vehicle / Pedestrian Interaction: vehicle operator stopped and waited until the pedestrian, vehicle operator",Vehicle Separation / Spotter,Vehicle Separation / Spotter,"Vehicle Separation / Spotter: safe area, stopped and waited",Intact / Verified,None,vehicle operator stopped and waited,Minor Impact / Routine Observation / Controlled State,Log observation in HSE tracking system; reinforce positive safety practices and routine housekeeping.,,Not Yet Reviewed,,,,
R023,"The equipment was isolated, locked out, and verified before maintenance.",Jorhat Pumping Station,Non-SIF Potential,Non-SIF Potential,0.4,Control Present,Low,General Maintenance,Unexpected Energization,Unexpected Energization,Unexpected Energization: locked out,Energy Isolation,Energy Isolation,Energy Isolation: locked out,Intact / Verified,None,"equipment was isolated, locked out, and verified",Minor Impact / Routine Observation / Controlled State,Log observation in HSE tracking system; reinforce positive safety practices and routine housekeeping.,,Not Yet Reviewed,,,,
R024,A minor housekeeping observation was recorded during the daily inspection.,Dibrugarh Terminal,Non-SIF Potential,Non-SIF Potential,0.37,Routine / Low-Potential Observation,Low,Unknown,Unknown,Unknown,,Unknown,Unknown,,Intact / Verified,None,minor housekeeping,Minor Impact / Routine Observation / Controlled State,Log observation in HSE tracking system; reinforce positive safety practices and routine housekeeping.,,Not Yet Reviewed,,,,
R025,"During electrical maintenance, the equipment remained energized while the worker began opening the panel.",Duliajan Central Asset,SIF Potential,SIF Potential,0.6,Dangerous Condition,High,Electrical Maintenance,Unexpected Energization,Unexpected Energization,Unexpected Energization: energized,Energy Isolation,Energy Isolation,"Energy Isolation: remained energized, energized",Incomplete / Failed,Energy Isolation,equipment remained energized,Electrocution / High-Pressure Discharge / Severe Trauma,"Review isolation compliance, verify zero energy, and audit permit/LOTO controls.",,Pending Review,,,,
R026,A technician started pump maintenance before confirming that the electrical isolation point was locked and tagged.,Digboi Refinery Area 3,SIF Potential,SIF Potential,0.57,Dangerous Condition,High,Pump Maintenance; Electrical Maintenance,Unexpected Energization,Unexpected Energization,"Unexpected Energization: electrical isolation, isolation",Energy Isolation,Energy Isolation,"Energy Isolation: electrical isolation, isolation",Incomplete / Failed,Energy Isolation,started pump maintenance before confirming that the electrical isolation,Electrocution / High-Pressure Discharge / Severe Trauma,"Review isolation compliance, verify zero energy, and audit permit/LOTO controls.",,Pending Review,,,,
R027,Stored hydraulic pressure was still present when maintenance work began on the equipment.,Moran Gas Gathering Station,SIF Potential,SIF Potential,0.6,Dangerous Condition,High,General Maintenance,Unexpected Energization,Unexpected Energization,Unexpected Energization: Stored hydraulic pressure was still present,Energy Isolation,Energy Isolation,Energy Isolation: Stored hydraulic pressure was still present,Incomplete / Failed,Energy Isolation,Stored hydraulic pressure was still present,Electrocution / High-Pressure Discharge / Severe Trauma,"Review isolation compliance, verify zero energy, and audit permit/LOTO controls.",,Pending Review,,,,
R028,A worker entered a confined space before the atmosphere was checked for oxygen deficiency and toxic gases.,Naharkatiya Production Unit,SIF Potential,SIF Potential,0.58,Dangerous Condition,High,Confined Space Entry,Confined Space Exposure,Confined Space Exposure,"Confined Space Exposure: confined space, entered a confined space",Gas Testing / Atmospheric Monitoring,Gas Testing / Atmospheric Monitoring,"Gas Testing / Atmospheric Monitoring: atmosphere was checked, oxygen deficiency",Incomplete / Failed,Confined Space,entered a confined space before,Asphyxiation / Toxic Gas Inhalation / Loss of Consciousness,Evacuate space immediately; conduct atmospheric gas testing and verify entry authorization permit.,,Pending Review,,,,
R029,A worker entered a vessel without continuous gas monitoring during the confined space activity.,Jorhat Pumping Station,SIF Potential,SIF Potential,0.52,Dangerous Condition,High,Confined Space Entry,Confined Space Exposure,Confined Space Exposure,Confined Space Exposure: confined space,Gas Testing / Atmospheric Monitoring,Gas Testing / Atmospheric Monitoring,Gas Testing / Atmospheric Monitoring: gas monitoring,Incomplete / Failed,Confined Space,without continuous gas monitoring,Asphyxiation / Toxic Gas Inhalation / Loss of Consciousness,Evacuate space immediately; conduct atmospheric gas testing and verify entry authorization permit.,,Pending Review,,,,
R030,A worker climbed onto an elevated platform without wearing the required fall arrest harness.,Dibrugarh Terminal,SIF Potential,SIF Potential,0.57,Dangerous Condition,High,Working at Height,Fall from Height,Fall from Height,"Fall from Height: fall arrest harness, elevated platform, harness",Fall Protection,Fall Protection,"Fall Protection: fall arrest harness, harness",Incomplete / Failed,Working at Height,without wearing the required fall arrest harness,Fatal Fall / Severe Skeletal Trauma,Suspend work at height until 100% fall protection and anchor points are inspected and verified.,,Pending Review,,,,
R031,A technician worked near an open edge without an effective guardrail or fall protection.,Duliajan Central Asset,SIF Potential,SIF Potential,0.62,Dangerous Condition,High,Working at Height,Fall from Height,Fall from Height,"Fall from Height: fall protection, open edge, guardrail",Fall Protection,Fall Protection,"Fall Protection: fall protection, guardrail",Incomplete / Failed,Working at Height,open edge without an effective guardrail or fall protection,Fatal Fall / Severe Skeletal Trauma,Suspend work at height until 100% fall protection and anchor points are inspected and verified.,,Pending Review,,,,
R032,"During crane operations, a worker walked beneath a suspended pipe bundle.",Digboi Refinery Area 3,SIF Potential,SIF Potential,0.63,Dangerous Condition,High,Crane / Lifting Operation,Suspended Load / Struck-by,Suspended Load / Struck-by,"Suspended Load / Struck-by: suspended pipe bundle, beneath a suspended, crane operations",Lifting Exclusion Zone,Lifting Exclusion Zone,"Lifting Exclusion Zone: suspended pipe bundle, beneath a suspended, crane operations",Incomplete / Failed,Line of Fire; Safe Mechanical Lifting,"crane operations, a worker walked beneath",Crush Injury / Fatality / Heavy Impact Trauma,Halt lifting immediately; re-establish physical exclusion zones and remove personnel from line-of-fire.,,Pending Review,,,,
R033,A suspended load moved over an area where personnel were still present.,Moran Gas Gathering Station,SIF Potential,Non-SIF Potential,0.49,Dangerous Condition,High,Crane / Lifting Operation,Suspended Load / Struck-by,Suspended Load / Struck-by,Suspended Load / Struck-by: suspended load,Lifting Exclusion Zone,Lifting Exclusion Zone,Lifting Exclusion Zone: suspended load,Incomplete / Failed,Line of Fire; Safe Mechanical Lifting,suspended load moved over an area where personnel,Crush Injury / Fatality / Heavy Impact Trauma,Halt lifting immediately; re-establish physical exclusion zones and remove personnel from line-of-fire.,,Pending Review,,,,
R034,Hot work was carried out near combustible material without completing the required gas test.,Naharkatiya Production Unit,SIF Potential,SIF Potential,0.61,Dangerous Condition,High,Hot Work,Hot Work Exposure,Hot Work Exposure,Hot Work Exposure: Hot work,Gas Testing / Atmospheric Monitoring,Gas Testing / Atmospheric Monitoring,Gas Testing / Atmospheric Monitoring: gas test,Incomplete / Failed,Hot Work,Hot work was carried out near combustible material without completing the required gas test,Explosion / Flash Fire / Severe Burn Injury,Halt hot work; verify gas testing certificates and ensure 15m combustible clearance.,,Pending Review,,,,
R035,A welding activity started before the hot work permit was approved.,Jorhat Pumping Station,SIF Potential,SIF Potential,0.54,Dangerous Condition,High,Hot Work,Hot Work Exposure,Hot Work Exposure,"Hot Work Exposure: hot work, welding",Work Permit,Work Permit,"Work Permit: work permit, permit",Incomplete / Failed,Hot Work; Work Authorization,welding activity started before the hot work permit,Explosion / Flash Fire / Severe Burn Injury,Halt hot work; verify gas testing certificates and ensure 15m combustible clearance.,,Pending Review,,,,
R036,A reversing vehicle moved close to pedestrians without a spotter or defined exclusion zone.,Dibrugarh Terminal,SIF Potential,SIF Potential,0.61,Dangerous Condition,High,Driving / Vehicle Movement,Vehicle / Pedestrian Interaction,Vehicle / Pedestrian Interaction,"Vehicle / Pedestrian Interaction: reversing vehicle, vehicle moved close to pedestrians",Vehicle Separation / Spotter,Vehicle Separation / Spotter,Vehicle Separation / Spotter: spotter,Incomplete / Failed,Driving; Line of Fire,reversing vehicle moved close to pedestrians without a spotter,Pedestrian Run-Over / Severe Crush Injury,Halt lifting immediately; re-establish physical exclusion zones and remove personnel from line-of-fire.,,Pending Review,,,,
R037,A forklift travelled through a pedestrian area while workers were nearby.,Duliajan Central Asset,SIF Potential,SIF Potential,0.62,Dangerous Condition,High,Driving / Vehicle Movement,Vehicle / Pedestrian Interaction,Vehicle / Pedestrian Interaction,Vehicle / Pedestrian Interaction: forklift travelled through a pedestrian area while workers,Vehicle Separation / Spotter,Vehicle Separation / Spotter,Vehicle Separation / Spotter: pedestrian area,Incomplete / Failed,Driving,forklift travelled through a pedestrian area while workers,Pedestrian Run-Over / Severe Crush Injury,Enforce pedestrian-vehicle segregation distances and assign dedicated spotters during movement.,,Pending Review,,,,
R038,A worker entered the line of fire while a heavy machine was moving material.,Digboi Refinery Area 3,SIF Potential,SIF Potential,0.64,Dangerous Condition,High,Heavy Equipment Operation,Line-of-Fire Exposure,Line-of-Fire Exposure,"Line-of-Fire Exposure: line of fire, heavy machine was moving",Line-of-Fire Separation,Line-of-Fire Separation,Line-of-Fire Separation: line of fire,Incomplete / Failed,Line of Fire,entered the line of fire,Line-of-Fire Impact / Pinch Point Severing,Halt lifting immediately; re-establish physical exclusion zones and remove personnel from line-of-fire.,,Pending Review,,,,
R039,A worker stood between moving equipment and a fixed structure during vehicle movement.,Moran Gas Gathering Station,SIF Potential,SIF Potential,0.61,Dangerous Condition,High,Driving / Vehicle Movement,Vehicle / Pedestrian Interaction,Vehicle / Pedestrian Interaction,Vehicle / Pedestrian Interaction: vehicle movement,Line-of-Fire Separation,Line-of-Fire Separation,Line-of-Fire Separation: between moving equipment and a fixed structure,Incomplete / Failed,Line of Fire,worker stood between moving equipment and a fixed,Pedestrian Run-Over / Severe Crush Injury,Halt lifting immediately; re-establish physical exclusion zones and remove personnel from line-of-fire.,,Pending Review,,,,
R040,A contractor began work before the required work authorization had been confirmed.,Naharkatiya Production Unit,SIF Potential,Non-SIF Potential,0.48,Dangerous Condition,High,Unknown,Unknown,Unknown,,Work Permit,Work Permit,Work Permit: work authorization,Incomplete / Failed,Work Authorization,contractor began work before the required work authorization,Serious Injury / Fatality (SIF),Initiate immediate operational pause and conduct safety barrier verification.,,Pending Review,,,,
R041,A maintenance task started without confirming that the permit conditions were satisfied.,Jorhat Pumping Station,SIF Potential,SIF Potential,0.62,Dangerous Condition,High,General Maintenance,Unknown,Unknown,,Work Permit,Work Permit,Work Permit: permit,Incomplete / Failed,Work Authorization,without confirming that the permit conditions,Serious Injury / Fatality (SIF),Initiate immediate operational pause and conduct safety barrier verification.,,Pending Review,,,,
R042,A crane lifting operation was started while the exclusion zone was not fully established.,Dibrugarh Terminal,SIF Potential,SIF Potential,0.62,Dangerous Condition,High,Crane / Lifting Operation,Suspended Load / Struck-by,Suspended Load / Struck-by,"Suspended Load / Struck-by: lifting operation, crane lifting",Lifting Exclusion Zone,Lifting Exclusion Zone,"Lifting Exclusion Zone: exclusion zone, lifting operation, crane lifting",Incomplete / Failed,Safe Mechanical Lifting,exclusion zone was not fully established,Crush Injury / Fatality / Heavy Impact Trauma,Halt lifting immediately; re-establish physical exclusion zones and remove personnel from line-of-fire.,,Pending Review,,,,
R043,"The pump was isolated, locked out, and the isolation was verified before maintenance started.",Duliajan Central Asset,Non-SIF Potential,Non-SIF Potential,0.43,Control Present,Low,General Maintenance,Unexpected Energization,Unexpected Energization,"Unexpected Energization: isolation, locked out",Energy Isolation,Energy Isolation,"Energy Isolation: locked out, isolation",Intact / Verified,None,"isolated, locked out, and the isolation was verified",Minor Impact / Routine Observation / Controlled State,Log observation in HSE tracking system; reinforce positive safety practices and routine housekeeping.,,Not Yet Reviewed,,,,
R044,The electrical supply was isolated and tested for zero energy before the technician began work.,Digboi Refinery Area 3,Non-SIF Potential,Non-SIF Potential,0.4,Control Present,Low,Unknown,Unexpected Energization,Unexpected Energization,Unexpected Energization: electrical supply,Unknown,Unknown,,Intact / Verified,None,electrical supply was isolated and tested,Minor Impact / Routine Observation / Controlled State,Log observation in HSE tracking system; reinforce positive safety practices and routine housekeeping.,,Not Yet Reviewed,,,,
R045,"The confined space was inspected, atmosphere tested, and entry was authorized before the worker entered.",Moran Gas Gathering Station,Non-SIF Potential,Non-SIF Potential,0.4,Control Present,Low,Confined Space Entry,Confined Space Exposure,Confined Space Exposure,Confined Space Exposure: confined space,Gas Testing / Atmospheric Monitoring,Gas Testing / Atmospheric Monitoring,"Gas Testing / Atmospheric Monitoring: atmosphere tested, confined space was inspected, atmosphere tested",Intact / Verified,None,"atmosphere tested, and entry was authorized",Minor Impact / Routine Observation / Controlled State,Log observation in HSE tracking system; reinforce positive safety practices and routine housekeeping.,,Not Yet Reviewed,,,,
R046,Continuous gas monitoring was established before personnel entered the confined space.,Naharkatiya Production Unit,Non-SIF Potential,Non-SIF Potential,0.42,Control Present,Low,Confined Space Entry,Confined Space Exposure,Confined Space Exposure,Confined Space Exposure: confined space,Gas Testing / Atmospheric Monitoring,Gas Testing / Atmospheric Monitoring,Gas Testing / Atmospheric Monitoring: gas monitoring,Intact / Verified,None,Continuous gas monitoring was established,Minor Impact / Routine Observation / Controlled State,Log observation in HSE tracking system; reinforce positive safety practices and routine housekeeping.,,Not Yet Reviewed,,,,
R047,The worker used an inspected harness and secured the lifeline before starting work at height.,Jorhat Pumping Station,Non-SIF Potential,Non-SIF Potential,0.4,Control Present,Low,Working at Height,Fall from Height,Fall from Height,"Fall from Height: work at height, harness, lifeline",Fall Protection,Fall Protection,"Fall Protection: harness, lifeline",Intact / Verified,None,used an inspected harness and secured the lifeline,Minor Impact / Routine Observation / Controlled State,Log observation in HSE tracking system; reinforce positive safety practices and routine housekeeping.,,Not Yet Reviewed,,,,
R048,Guardrails were installed around the elevated work area before maintenance began.,Dibrugarh Terminal,Non-SIF Potential,Non-SIF Potential,0.44,Control Present,Low,Working at Height; General Maintenance,Fall from Height,Fall from Height,"Fall from Height: elevated work area, Guardrails",Fall Protection,Fall Protection,Fall Protection: Guardrails,Intact / Verified,None,Guardrails were installed around the elevated work area before,Minor Impact / Routine Observation / Controlled State,Log observation in HSE tracking system; reinforce positive safety practices and routine housekeeping.,,Not Yet Reviewed,,,,
R049,The crane lifting area was barricaded and verified clear before the load was lifted.,Duliajan Central Asset,Non-SIF Potential,Non-SIF Potential,0.37,Control Present,Low,Crane / Lifting Operation,Suspended Load / Struck-by,Suspended Load / Struck-by,"Suspended Load / Struck-by: crane lifting area was barricaded and verified clear before the load, crane lifting",Lifting Exclusion Zone,Lifting Exclusion Zone,"Lifting Exclusion Zone: barricaded, crane lifting",Intact / Verified,None,lifting area was barricaded,Minor Impact / Routine Observation / Controlled State,Log observation in HSE tracking system; reinforce positive safety practices and routine housekeeping.,,Not Yet Reviewed,,,,
R050,Personnel were kept outside the exclusion zone throughout the lifting operation.,Digboi Refinery Area 3,Non-SIF Potential,Non-SIF Potential,0.42,Control Present,Low,Crane / Lifting Operation,Suspended Load / Struck-by,Suspended Load / Struck-by,Suspended Load / Struck-by: lifting operation,Lifting Exclusion Zone,Lifting Exclusion Zone,"Lifting Exclusion Zone: exclusion zone, lifting operation",Intact / Verified,None,Personnel were kept outside the exclusion zone throughout the lifting,Minor Impact / Routine Observation / Controlled State,Log observation in HSE tracking system; reinforce positive safety practices and routine housekeeping.,,Not Yet Reviewed,,,,
R051,The hot work permit was approved and gas testing confirmed safe conditions before welding began.,Moran Gas Gathering Station,Non-SIF Potential,Non-SIF Potential,0.41,Control Present,Low,Hot Work,Hot Work Exposure,Hot Work Exposure,"Hot Work Exposure: hot work, welding",Gas Testing / Atmospheric Monitoring,Gas Testing / Atmospheric Monitoring; Work Permit,"Gas Testing / Atmospheric Monitoring: gas testing, gas test | Work Permit: work permit, permit",Intact / Verified,None,permit was approved and gas testing confirmed safe conditions before welding,Minor Impact / Routine Observation / Controlled State,Log observation in HSE tracking system; reinforce positive safety practices and routine housekeeping.,,Not Yet Reviewed,,,,
R052,The vehicle operator used a trained spotter and maintained separation from pedestrians during reversing.,Naharkatiya Production Unit,Non-SIF Potential,Non-SIF Potential,0.41,Control Present,Low,Driving / Vehicle Movement,Vehicle / Pedestrian Interaction,Vehicle / Pedestrian Interaction,"Vehicle / Pedestrian Interaction: vehicle operator used a trained spotter and maintained separation from pedestrians, vehicle operator",Vehicle Separation / Spotter,Vehicle Separation / Spotter,"Vehicle Separation / Spotter: spotter, separation",Intact / Verified,None,trained spotter and maintained separation,Minor Impact / Routine Observation / Controlled State,Log observation in HSE tracking system; reinforce positive safety practices and routine housekeeping.,,Not Yet Reviewed,,,,
R053,The work authorization was approved and all permit conditions were checked before the task began.,Jorhat Pumping Station,Non-SIF Potential,Non-SIF Potential,0.38,Control Present,Low,Unknown,Unknown,Unknown,,Work Permit,Work Permit,"Work Permit: permit, work authorization",Intact / Verified,None,permit conditions were checked before,Minor Impact / Routine Observation / Controlled State,Log observation in HSE tracking system; reinforce positive safety practices and routine housekeeping.,,Not Yet Reviewed,,,,
R054,A routine inspection identified a damaged handrail and a maintenance request was raised immediately.,Dibrugarh Terminal,Non-SIF Potential,Non-SIF Potential,0.37,Routine / Low-Potential Observation,Low,Unknown,Unknown,Unknown,,Unknown,Unknown,,Intact / Verified,None,routine inspection identified a damaged handrail and a maintenance request was raised,Minor Impact / Routine Observation / Controlled State,Log observation in HSE tracking system; reinforce positive safety practices and routine housekeeping.,,Not Yet Reviewed,,,,
R055,A minor oil spill was identified and cleaned before anyone entered the affected area.,Duliajan Central Asset,Non-SIF Potential,Non-SIF Potential,0.37,Routine / Low-Potential Observation,Low,Unknown,Unknown,Unknown,,Unknown,Unknown,,Intact / Verified,None,minor oil spill was identified and cleaned before,Minor Impact / Routine Observation / Controlled State,Log observation in HSE tracking system; reinforce positive safety practices and routine housekeeping.,,Not Yet Reviewed,,,,
R056,"An unsafe condition was reported near the equipment, but the report did not describe the hazard or exposure.",Digboi Refinery Area 3,Needs Review,Non-SIF Potential,0.39,Insufficient Information,High,Unknown,Unknown,Unknown,,Unknown,Unknown,,Uncertain / Unspecified,None,,Unspecified / Insufficient narrative to establish consequence,"Assign HSE reviewer to verify missing hazard exposure, task details, and barrier status with site supervisor.",Insufficient information to establish hazard exposure and barrier condition.,Pending Review,,,,
R057,"Isolation was completed, but it was not verified before maintenance began.",Moran Gas Gathering Station,Needs Review,Non-SIF Potential,0.48,Contradictory Information,High,General Maintenance,Unexpected Energization,Unexpected Energization,Unexpected Energization: Isolation,Energy Isolation,Energy Isolation,Energy Isolation: Isolation,Uncertain / Unspecified,None,"Isolation was reported as completed, but verification was reported as incomplete.",Unspecified / Insufficient narrative to establish consequence,"Assign HSE reviewer to verify missing hazard exposure, task details, and barrier status with site supervisor.","Isolation was reported as completed, but verification was reported as incomplete.",Pending Review,,,,
R058,"A worker was near lifting equipment during maintenance, but the report does not state whether a suspended load was present.",Naharkatiya Production Unit,Needs Review,Non-SIF Potential,0.42,Insufficient Information,High,Crane / Lifting Operation; General Maintenance,Suspended Load / Struck-by,Suspended Load / Struck-by,Suspended Load / Struck-by: suspended load,Lifting Exclusion Zone,Lifting Exclusion Zone,Lifting Exclusion Zone: suspended load,Uncertain / Unspecified,None,suspended load,Unspecified / Insufficient narrative to establish consequence,"Assign HSE reviewer to verify missing hazard exposure, task details, and barrier status with site supervisor.",Insufficient information to establish hazard exposure and barrier condition.,Pending Review,,,,
R059,"The report states that a worker entered the area without further details about the task, hazard, or control measures.",Jorhat Pumping Station,Needs Review,Non-SIF Potential,0.41,Insufficient Information,High,Unknown,Unknown,Unknown,,Unknown,Unknown,,Uncertain / Unspecified,None,,Unspecified / Insufficient narrative to establish consequence,"Assign HSE reviewer to verify missing hazard exposure, task details, and barrier status with site supervisor.",Insufficient information to establish hazard exposure and barrier condition.,Pending Review,,,,
R060,The report contains conflicting information about whether the work permit was approved before the task started.,Dibrugarh Terminal,Needs Review,Non-SIF Potential,0.37,Contradictory Information,High,Unknown,Unknown,Unknown,,Work Permit,Work Permit,"Work Permit: work permit, permit",Uncertain / Unspecified,None,The report contains conflicting information regarding control or permit approval.,Unspecified / Insufficient narrative to establish consequence,"Assign HSE reviewer to verify missing hazard exposure, task details, and barrier status with site supervisor.",The report contains conflicting information regarding control or permit approval.,Pending Review,,,,
